{"info":{"year":"2023","version":"1","description":"Exported from roboflow.ai","contributor":"","url":"https://public.roboflow.ai/object-detection/undefined","date_created":"2023-03-02T04:35:43+00:00"},"licenses":[{"id":1,"url":"https://creativecommons.org/licenses/by/4.0/","name":"CC BY 4.0"}],"categories":[{"id":0,"name":"cars-suvs","supercategory":"none"},{"id":1,"name":"car","supercategory":"cars-suvs"},{"id":2,"name":"suv","supercategory":"cars-suvs"},{"id":3,"name":"truck","supercategory":"cars-suvs"}],"images":[{"id":0,"license":1,"file_name":"2021-06-12_14-54-17-front-0003_jpg.rf.01a4d2586674a405d3ca8bbe579ccfe3.jpg","height":640,"width":640,"date_captured":"2023-03-02T04:35:43+00:00"},{"id":1,"license":1,"file_name":"2021-06-13_19-12-07-front-0008_jpg.rf.035a364979636f72b3123fc1594735ea.jpg","height":640,"width":640,"date_captured":"2023-03-02T04:35:43+00:00"},{"id":2,"license":1,"file_name":"2021-06-12_14-44-13-front-0001_jpg.rf.05289218676c365ae9a152fd4eed68ed.jpg","height":640,"width":640,"date_captured":"2023-03-02T04:35:43+00:00"},{"id":3,"license":1,"file_name":"2021-06-13_19-21-12-front-0006_jpg.rf.06daee830c9163795645cf85e59ea65b.jpg","height":640,"width":640,"date_captured":"2023-03-02T04:35:43+00:00"},{"id":4,"license":1,"file_name":"2021-06-12_15-00-19-front-0008_jpg.rf.0793388f6876018fc6b4a827317ff7dd.jpg","height":640,"width":640,"date_captured":"2023-03-02T04:35:43+00:00"},{"id":5,"license":1,"file_name":"2021-06-12_14-52-16-front-0004_jpg.rf.07cec704b5864a6b08abd958ed498273.jpg","height":640,"width":640,"date_captured":"2023-03-02T04:35:43+00:00"},{"id":6,"license":1,"file_name":"2021-06-13_19-25-14-front-0003_jpg.rf.03badd3f2a16bcf5c72fe0e603d6f434.jpg","height":640,"width":640,"date_captured":"2023-03-02T04:35:43+00:00"},{"id":7,"license":1,"file_name":"2021-06-12_14-44-13-front-0005_jpg.rf.109b70555ea19cc5b2c1715870ebc0b3.jpg","height":640,"width":640,"date_captured":"2023-03-02T04:35:43+00:00"},{"id":8,"license":1,"file_name":"2021-06-12_14-45-14-front-0006_jpg.rf.0e701646331ba415f2d4cdd7098b4cf1.jpg","height":640,"width":640,"date_captured":"2023-03-02T04:35:43+00:00"},{"id":9,"license":1,"file_name":"2021-06-12_14-52-16-front-0001_jpg.rf.1bd0cf67360df9d3055f6c9a119ac12c.jpg","height":640,"width":640,"date_captured":"2023-03-02T04:35:43+00:00"},{"id":10,"license":1,"file_name":"2021-06-12_14-43-13-front-0001_jpg.rf.1b081f18c165cae7a14d3461cfebb390.jpg","height":640,"width":640,"date_captured":"2023-03-02T04:35:43+00:00"},{"id":11,"license":1,"file_name":"2021-06-12_14-58-19-front-0001_jpg.rf.1d2cb4b28c69c86e05d578bba3e47cdb.jpg","height":640,"width":640,"date_captured":"2023-03-02T04:35:43+00:00"},{"id":12,"license":1,"file_name":"2021-06-12_14-53-17-front-0003_jpg.rf.1e387d4691280988d669fa1bcae1753f.jpg","height":640,"width":640,"date_captured":"2023-03-02T04:35:43+00:00"},{"id":13,"license":1,"file_name":"2021-06-13_19-22-13-front-0002_jpg.rf.1efc082fff20f0453ba03c7dc3f6fcb9.jpg","height":640,"width":640,"date_captured":"2023-03-02T04:35:43+00:00"},{"id":14,"license":1,"file_name":"2021-06-12_14-43-13-front-0006_jpg.rf.1f47407712ff1adc816e199513b6bd18.jpg","height":640,"width":640,"date_captured":"2023-03-02T04:35:43+00:00"},{"id":15,"license":1,"file_name":"2021-06-12_14-42-12-front-0008_jpg.rf.256cf60012732c5d6c10e4217f03a235.jpg","height":640,"width":640,"date_captured":"2023-03-02T04:35:43+00:00"},{"id":16,"license":1,"file_name":"2021-06-12_14-52-16-front-0002_jpg.rf.1a3bc68d1483667fba96f0868169be0b.jpg","height":640,"width":640,"date_captured":"2023-03-02T04:35:43+00:00"},{"id":17,"license":1,"file_name":"2021-06-12_14-53-17-front-0007_jpg.rf.258b303c511a0ea2fd8872baedf9c68d.jpg","height":640,"width":640,"date_captured":"2023-03-02T04:35:43+00:00"},{"id":18,"license":1,"file_name":"2021-06-12_14-43-13-front-0008_jpg.rf.270766edf226dc96e4e5cd4f156913f2.jpg","height":640,"width":640,"date_captured":"2023-03-02T04:35:43+00:00"},{"id":19,"license":1,"file_name":"2021-06-12_14-44-13-front-0008_jpg.rf.2bd66125485b4fd1dd1a618c4640cd31.jpg","height":640,"width":640,"date_captured":"2023-03-02T04:35:43+00:00"},{"id":20,"license":1,"file_name":"2021-06-13_19-21-12-front-0005_jpg.rf.2cc42a37052337d0c3666849082adca6.jpg","height":640,"width":640,"date_captured":"2023-03-02T04:35:43+00:00"},{"id":21,"license":1,"file_name":"2021-06-13_19-12-07-front-0004_jpg.rf.34c21795a5a45e29368d8db003a04170.jpg","height":640,"width":640,"date_captured":"2023-03-02T04:35:43+00:00"},{"id":22,"license":1,"file_name":"2021-06-13_19-12-07-front-0007_jpg.rf.37fb0650059f21c22a380c075705f95e.jpg","height":640,"width":640,"date_captured":"2023-03-02T04:35:43+00:00"},{"id":23,"license":1,"file_name":"2021-06-12_14-46-14-front-0007_jpg.rf.3900264389640724e3385997aebd463f.jpg","height":640,"width":640,"date_captured":"2023-03-02T04:35:43+00:00"},{"id":24,"license":1,"file_name":"2021-06-12_14-58-19-front-0007_jpg.rf.3a406e51bcf69609e24a28dc1e265ea1.jpg","height":640,"width":640,"date_captured":"2023-03-02T04:35:43+00:00"},{"id":25,"license":1,"file_name":"2021-06-12_14-42-12-front-0002_jpg.rf.3bc6a0e1fe8089779c629ac022cf1f75.jpg","height":640,"width":640,"date_captured":"2023-03-02T04:35:43+00:00"},{"id":26,"license":1,"file_name":"2021-06-12_14-46-14-front-0006_jpg.rf.4930c7342eca955b99204511474ec870.jpg","height":640,"width":640,"date_captured":"2023-03-02T04:35:43+00:00"},{"id":27,"license":1,"file_name":"2021-06-12_14-54-17-front-0007_jpg.rf.4580a619f2f48d1de87d8f7e1508d8d1.jpg","height":640,"width":640,"date_captured":"2023-03-02T04:35:43+00:00"},{"id":28,"license":1,"file_name":"2021-06-12_14-53-17-front-0004_jpg.rf.4948a2fb7adfb552fe428649f48797df.jpg","height":640,"width":640,"date_captured":"2023-03-02T04:35:43+00:00"},{"id":29,"license":1,"file_name":"2021-06-12_14-45-14-front-0007_jpg.rf.4c9d34d9c9d98a6f6b84c0c41719f622.jpg","height":640,"width":640,"date_captured":"2023-03-02T04:35:43+00:00"},{"id":30,"license":1,"file_name":"2021-06-12_15-30-24-front-0001_jpg.rf.5323c116691130f43158eae3f0f6943e.jpg","height":640,"width":640,"date_captured":"2023-03-02T04:35:43+00:00"},{"id":31,"license":1,"file_name":"2021-06-12_14-46-14-front-0003_jpg.rf.5339c516a9aa5cb5377184208576ab98.jpg","height":640,"width":640,"date_captured":"2023-03-02T04:35:43+00:00"},{"id":32,"license":1,"file_name":"2021-06-12_14-58-19-front-0002_jpg.rf.514a454227f425c355b7ab3aad8e7ea1.jpg","height":640,"width":640,"date_captured":"2023-03-02T04:35:43+00:00"},{"id":33,"license":1,"file_name":"2021-06-12_14-58-19-front-0008_jpg.rf.57d838b71d79d2c47c397604d046ec53.jpg","height":640,"width":640,"date_captured":"2023-03-02T04:35:43+00:00"},{"id":34,"license":1,"file_name":"2021-06-12_14-40-11-front-0008_jpg.rf.5e4cc437943b1c0f5220e6d0c159853d.jpg","height":640,"width":640,"date_captured":"2023-03-02T04:35:43+00:00"},{"id":35,"license":1,"file_name":"2021-06-12_14-40-11-front-0003_jpg.rf.5f83d4eb1de3239fb45dd548e6e5cc9f.jpg","height":640,"width":640,"date_captured":"2023-03-02T04:35:43+00:00"},{"id":36,"license":1,"file_name":"2021-06-12_15-30-24-front-0004_jpg.rf.5484b8b4ff20988bd37e19832afeb8f7.jpg","height":640,"width":640,"date_captured":"2023-03-02T04:35:43+00:00"},{"id":37,"license":1,"file_name":"2021-06-13_19-29-17-front-0004_jpg.rf.657b8a9c94e92b0d995bf6901856f713.jpg","height":640,"width":640,"date_captured":"2023-03-02T04:35:43+00:00"},{"id":38,"license":1,"file_name":"2021-06-12_14-53-17-front-0005_jpg.rf.6a1f23d125e456eb478b32c2f02e4f43.jpg","height":640,"width":640,"date_captured":"2023-03-02T04:35:43+00:00"},{"id":39,"license":1,"file_name":"2021-06-12_14-52-16-front-0006_jpg.rf.6bc901217a14e790074f9fa1240d5669.jpg","height":640,"width":640,"date_captured":"2023-03-02T04:35:43+00:00"},{"id":40,"license":1,"file_name":"2021-06-12_14-47-14-front-0001_jpg.rf.726db44fcb7f9c5ada29323102ac4471.jpg","height":640,"width":640,"date_captured":"2023-03-02T04:35:43+00:00"},{"id":41,"license":1,"file_name":"2021-06-12_14-47-14-front-0008_jpg.rf.5f93db78f4d8fd6920cf20897ad1ca89.jpg","height":640,"width":640,"date_captured":"2023-03-02T04:35:43+00:00"},{"id":42,"license":1,"file_name":"2021-06-12_14-47-14-front-0004_jpg.rf.7473e08e63415faa1278b3a1fc56ed69.jpg","height":640,"width":640,"date_captured":"2023-03-02T04:35:43+00:00"},{"id":43,"license":1,"file_name":"2021-06-13_19-29-17-front-0003_jpg.rf.7339093004998b1401208d0296a7a287.jpg","height":640,"width":640,"date_captured":"2023-03-02T04:35:43+00:00"},{"id":44,"license":1,"file_name":"2021-06-12_14-42-12-front-0007_jpg.rf.6f8f2b3416cd41a481a0b5e7333276e3.jpg","height":640,"width":640,"date_captured":"2023-03-02T04:35:43+00:00"},{"id":45,"license":1,"file_name":"2021-06-12_15-00-19-front-0005_jpg.rf.6ab6e5f0c15ac684a84b0ba835c0b5eb.jpg","height":640,"width":640,"date_captured":"2023-03-02T04:35:43+00:00"},{"id":46,"license":1,"file_name":"2021-06-12_14-54-17-front-0008_jpg.rf.7dc4ce9a5ba7805fc1477565c6470e74.jpg","height":640,"width":640,"date_captured":"2023-03-02T04:35:43+00:00"},{"id":47,"license":1,"file_name":"2021-06-12_14-46-14-front-0008_jpg.rf.759b828ef176da4f76adb75234c3e94f.jpg","height":640,"width":640,"date_captured":"2023-03-02T04:35:43+00:00"},{"id":48,"license":1,"file_name":"2021-06-12_14-52-16-front-0005_jpg.rf.758a7057f52f9381f632b122cba90a03.jpg","height":640,"width":640,"date_captured":"2023-03-02T04:35:43+00:00"},{"id":49,"license":1,"file_name":"2021-06-12_14-52-16-front-0007_jpg.rf.7218e0e3c9fb7bbd1e61c51bd9160e64.jpg","height":640,"width":640,"date_captured":"2023-03-02T04:35:43+00:00"},{"id":50,"license":1,"file_name":"2021-06-12_14-42-12-front-0001_jpg.rf.7dd956bc3bb2e9265b53bd02f16887a0.jpg","height":640,"width":640,"date_captured":"2023-03-02T04:35:43+00:00"},{"id":51,"license":1,"file_name":"2021-06-12_15-00-19-front-0004_jpg.rf.7dda1cdfe2d91ea7b6cc7b78c9794ea3.jpg","height":640,"width":640,"date_captured":"2023-03-02T04:35:43+00:00"},{"id":52,"license":1,"file_name":"2021-06-12_14-47-14-front-0007_jpg.rf.825cb5913de961dacc48f7a025a277f5.jpg","height":640,"width":640,"date_captured":"2023-03-02T04:35:43+00:00"},{"id":53,"license":1,"file_name":"2021-06-13_19-22-13-front-0003_jpg.rf.8b9bc3a25d0ed4c97dceb293b8c82d9f.jpg","height":640,"width":640,"date_captured":"2023-03-02T04:35:43+00:00"},{"id":54,"license":1,"file_name":"2021-06-12_14-47-14-front-0005_jpg.rf.8d90de26f99ae4f13ad31729058439aa.jpg","height":640,"width":640,"date_captured":"2023-03-02T04:35:43+00:00"},{"id":55,"license":1,"file_name":"2021-06-13_19-12-07-front-0003_jpg.rf.8ddf298905672ceb82b6f99a458f7003.jpg","height":640,"width":640,"date_captured":"2023-03-02T04:35:43+00:00"},{"id":56,"license":1,"file_name":"2021-06-13_19-12-07-front-0006_jpg.rf.8ee3115552d1c6c90cc6afee90f463ec.jpg","height":640,"width":640,"date_captured":"2023-03-02T04:35:43+00:00"},{"id":57,"license":1,"file_name":"2021-06-12_14-58-19-front-0005_jpg.rf.97e490a143c9c61fc64ea2f86bf4e12d.jpg","height":640,"width":640,"date_captured":"2023-03-02T04:35:43+00:00"},{"id":58,"license":1,"file_name":"2021-06-13_19-25-14-front-0008_jpg.rf.97ef360e59a45b4c9d2e50a1e68626fe.jpg","height":640,"width":640,"date_captured":"2023-03-02T04:35:43+00:00"},{"id":59,"license":1,"file_name":"2021-06-13_19-22-13-front-0008_jpg.rf.98a8554406402c2d4ef815f6e37c919f.jpg","height":640,"width":640,"date_captured":"2023-03-02T04:35:43+00:00"},{"id":60,"license":1,"file_name":"2021-06-12_14-40-11-front-0006_jpg.rf.9a9da88ebe9b3d78139fe354595eb3ae.jpg","height":640,"width":640,"date_captured":"2023-03-02T04:35:43+00:00"},{"id":61,"license":1,"file_name":"2021-06-13_19-25-14-front-0005_jpg.rf.94e63474ed25371793485002d45c6abe.jpg","height":640,"width":640,"date_captured":"2023-03-02T04:35:43+00:00"},{"id":62,"license":1,"file_name":"2021-06-12_14-42-12-front-0003_jpg.rf.9fb9f5ef03ec3e8bc2e9458ae9fc246b.jpg","height":640,"width":640,"date_captured":"2023-03-02T04:35:43+00:00"},{"id":63,"license":1,"file_name":"2021-06-12_14-40-11-front-0002_jpg.rf.a80abdca227694ff72aaadd4048c4d3f.jpg","height":640,"width":640,"date_captured":"2023-03-02T04:35:43+00:00"},{"id":64,"license":1,"file_name":"2021-06-12_14-45-14-front-0004_jpg.rf.a979af11f597fa86fec3d0b3dc45068b.jpg","height":640,"width":640,"date_captured":"2023-03-02T04:35:43+00:00"},{"id":65,"license":1,"file_name":"2021-06-12_14-53-17-front-0008_jpg.rf.aa6bf20ac53602d8c0175b59a69a9cbe.jpg","height":640,"width":640,"date_captured":"2023-03-02T04:35:43+00:00"},{"id":66,"license":1,"file_name":"2021-06-12_15-00-19-front-0001_jpg.rf.ae8cad6fe06c13324107a0c88174d7bf.jpg","height":640,"width":640,"date_captured":"2023-03-02T04:35:43+00:00"},{"id":67,"license":1,"file_name":"2021-06-12_14-45-14-front-0002_jpg.rf.b0508abdf642f3eed5beaf3f044ef4d3.jpg","height":640,"width":640,"date_captured":"2023-03-02T04:35:43+00:00"},{"id":68,"license":1,"file_name":"2021-06-12_14-54-17-front-0005_jpg.rf.b28888c605e97a39c4ff366015659209.jpg","height":640,"width":640,"date_captured":"2023-03-02T04:35:43+00:00"},{"id":69,"license":1,"file_name":"2021-06-12_14-43-13-front-0003_jpg.rf.b0619a9fd731bf47cd6bf42c060e7201.jpg","height":640,"width":640,"date_captured":"2023-03-02T04:35:43+00:00"},{"id":70,"license":1,"file_name":"2021-06-12_14-53-17-front-0006_jpg.rf.b6831fc6075ec184467f7d7130414f2a.jpg","height":640,"width":640,"date_captured":"2023-03-02T04:35:43+00:00"},{"id":71,"license":1,"file_name":"2021-06-12_14-59-19-front-0006_jpg.rf.bb824c1f1efa7da1de2c305374ca136c.jpg","height":640,"width":640,"date_captured":"2023-03-02T04:35:43+00:00"},{"id":72,"license":1,"file_name":"2021-06-12_14-47-14-front-0003_jpg.rf.b7c27f2ebce4e26dc208649cab9b9441.jpg","height":640,"width":640,"date_captured":"2023-03-02T04:35:43+00:00"},{"id":73,"license":1,"file_name":"2021-06-12_15-00-19-front-0007_jpg.rf.bd46be6537e5be488cb2f79e7571d710.jpg","height":640,"width":640,"date_captured":"2023-03-02T04:35:43+00:00"},{"id":74,"license":1,"file_name":"2021-06-12_14-46-14-front-0005_jpg.rf.beea8a118c750d01f1e539d0701a88a7.jpg","height":640,"width":640,"date_captured":"2023-03-02T04:35:43+00:00"},{"id":75,"license":1,"file_name":"2021-06-12_14-46-14-front-0004_jpg.rf.c30441e7373eb19bccb253340d38df39.jpg","height":640,"width":640,"date_captured":"2023-03-02T04:35:43+00:00"},{"id":76,"license":1,"file_name":"2021-06-12_14-44-13-front-0002_jpg.rf.c7f3088508406d0d8196df1b8879aa2c.jpg","height":640,"width":640,"date_captured":"2023-03-02T04:35:43+00:00"},{"id":77,"license":1,"file_name":"2021-06-13_19-21-12-front-0008_jpg.rf.c8507a19f049e9989e57bfa6d27e525a.jpg","height":640,"width":640,"date_captured":"2023-03-02T04:35:43+00:00"},{"id":78,"license":1,"file_name":"2021-06-12_14-44-13-front-0004_jpg.rf.c8803a9823474639aeadf51a51f0a52b.jpg","height":640,"width":640,"date_captured":"2023-03-02T04:35:43+00:00"},{"id":79,"license":1,"file_name":"2021-06-12_14-54-17-front-0001_jpg.rf.ae4f8bb3a97d8453dbff45126c287eac.jpg","height":640,"width":640,"date_captured":"2023-03-02T04:35:43+00:00"},{"id":80,"license":1,"file_name":"2021-06-13_19-21-12-front-0003_jpg.rf.c8ab6b512c8ae7e7ca387cd6086201fa.jpg","height":640,"width":640,"date_captured":"2023-03-02T04:35:43+00:00"},{"id":81,"license":1,"file_name":"2021-06-12_14-54-17-front-0002_jpg.rf.c9848a89b3c90a58086b5d82e22e9286.jpg","height":640,"width":640,"date_captured":"2023-03-02T04:35:43+00:00"},{"id":82,"license":1,"file_name":"2021-06-12_14-58-19-front-0006_jpg.rf.ce74e73bb7ae9fe94021ec9583669dcf.jpg","height":640,"width":640,"date_captured":"2023-03-02T04:35:43+00:00"},{"id":83,"license":1,"file_name":"2021-06-12_14-45-14-front-0001_jpg.rf.cb814919a02a197d92e071ecaa494b0b.jpg","height":640,"width":640,"date_captured":"2023-03-02T04:35:43+00:00"},{"id":84,"license":1,"file_name":"2021-06-12_14-59-19-front-0002_jpg.rf.d235060153e0bea69f65fbad014327e7.jpg","height":640,"width":640,"date_captured":"2023-03-02T04:35:43+00:00"},{"id":85,"license":1,"file_name":"2021-06-13_19-25-14-front-0004_jpg.rf.cf03d0bab480c8e2cf9aa99b446b401a.jpg","height":640,"width":640,"date_captured":"2023-03-02T04:35:43+00:00"},{"id":86,"license":1,"file_name":"2021-06-12_15-00-19-front-0002_jpg.rf.d79d6497384b092e9036f8ff4eaa89d5.jpg","height":640,"width":640,"date_captured":"2023-03-02T04:35:43+00:00"},{"id":87,"license":1,"file_name":"2021-06-12_14-44-13-front-0003_jpg.rf.d95fc26eb48a4274d87803448529029f.jpg","height":640,"width":640,"date_captured":"2023-03-02T04:35:43+00:00"},{"id":88,"license":1,"file_name":"2021-06-12_14-40-11-front-0001_jpg.rf.dc06be1f9e9a1a7ed6f66ab1884df48c.jpg","height":640,"width":640,"date_captured":"2023-03-02T04:35:43+00:00"},{"id":89,"license":1,"file_name":"2021-06-13_19-22-13-front-0001_jpg.rf.dc70bba993dd3fd970582c1f588916ab.jpg","height":640,"width":640,"date_captured":"2023-03-02T04:35:43+00:00"},{"id":90,"license":1,"file_name":"2021-06-12_14-42-12-front-0006_jpg.rf.dc35f204b6cc9132992897ed6434a0ff.jpg","height":640,"width":640,"date_captured":"2023-03-02T04:35:43+00:00"},{"id":91,"license":1,"file_name":"2021-06-12_14-52-16-front-0003_jpg.rf.d23659fd281ad780d2726ac8e953c8da.jpg","height":640,"width":640,"date_captured":"2023-03-02T04:35:43+00:00"},{"id":92,"license":1,"file_name":"2021-06-13_19-29-17-front-0001_jpg.rf.ddbb42a5b92b8ae0eabde026ef7b1807.jpg","height":640,"width":640,"date_captured":"2023-03-02T04:35:43+00:00"},{"id":93,"license":1,"file_name":"2021-06-12_14-43-13-front-0004_jpg.rf.e040ef414d87daaa4a3c3dde4afb05ff.jpg","height":640,"width":640,"date_captured":"2023-03-02T04:35:43+00:00"},{"id":94,"license":1,"file_name":"2021-06-12_15-00-19-front-0003_jpg.rf.e0cf5690f2a9a70b8f9b603644b0b6bc.jpg","height":640,"width":640,"date_captured":"2023-03-02T04:35:43+00:00"},{"id":95,"license":1,"file_name":"2021-06-13_19-29-17-front-0008_jpg.rf.e7180ba4d9840db6a370ce879ce9ebf5.jpg","height":640,"width":640,"date_captured":"2023-03-02T04:35:43+00:00"},{"id":96,"license":1,"file_name":"2021-06-13_19-22-13-front-0007_jpg.rf.e835833310d8da880296e98895b68d42.jpg","height":640,"width":640,"date_captured":"2023-03-02T04:35:43+00:00"},{"id":97,"license":1,"file_name":"2021-06-13_19-21-12-front-0007_jpg.rf.eae44710737cda8660b67ab53123648a.jpg","height":640,"width":640,"date_captured":"2023-03-02T04:35:43+00:00"},{"id":98,"license":1,"file_name":"2021-06-12_14-47-14-front-0002_jpg.rf.f6ae93389eda65381b86a16a44fcd42a.jpg","height":640,"width":640,"date_captured":"2023-03-02T04:35:43+00:00"},{"id":99,"license":1,"file_name":"2021-06-12_14-59-19-front-0005_jpg.rf.f26c19490f9091d2f3131654dbc3ff74.jpg","height":640,"width":640,"date_captured":"2023-03-02T04:35:43+00:00"},{"id":100,"license":1,"file_name":"2021-06-12_14-47-14-front-0006_jpg.rf.f7358b294e19894bab5066f428468aa9.jpg","height":640,"width":640,"date_captured":"2023-03-02T04:35:43+00:00"},{"id":101,"license":1,"file_name":"2021-06-12_14-59-19-front-0003_jpg.rf.fa6f64bc3c781e3bd72a688fe238495c.jpg","height":640,"width":640,"date_captured":"2023-03-02T04:35:43+00:00"},{"id":102,"license":1,"file_name":"2021-06-13_19-21-12-front-0004_jpg.rf.f74bb6ef5a75d383e647d5dc3330c425.jpg","height":640,"width":640,"date_captured":"2023-03-02T04:35:43+00:00"},{"id":103,"license":1,"file_name":"2021-06-12_14-45-14-front-0008_jpg.rf.fb6f0cf239a0ce1033d2d57ca5890e45.jpg","height":640,"width":640,"date_captured":"2023-03-02T04:35:43+00:00"},{"id":104,"license":1,"file_name":"2021-06-12_14-40-11-front-0005_jpg.rf.e9bb96c7ce27485d31176e09727dbd0b.jpg","height":640,"width":640,"date_captured":"2023-03-02T04:35:43+00:00"},{"id":105,"license":1,"file_name":"2021-06-13_19-29-17-front-0002_jpg.rf.ff979da77a2c63facf669a075dbebf44.jpg","height":640,"width":640,"date_captured":"2023-03-02T04:35:43+00:00"}],"annotations":[{"id":0,"image_id":0,"category_id":1,"bbox":[529,311,111,189.5],"area":21034.5,"segmentation":[],"iscrowd":0},{"id":1,"image_id":0,"category_id":1,"bbox":[238,320,40,42],"area":1680,"segmentation":[],"iscrowd":0},{"id":2,"image_id":0,"category_id":1,"bbox":[99,330,33.5,33],"area":1105.5,"segmentation":[],"iscrowd":0},{"id":3,"image_id":0,"category_id":1,"bbox":[151,325,19.5,17.5],"area":341.25,"segmentation":[],"iscrowd":0},{"id":4,"image_id":0,"category_id":2,"bbox":[349,320,35.5,36.5],"area":1295.75,"segmentation":[],"iscrowd":0},{"id":5,"image_id":2,"category_id":3,"bbox":[190,293,77.5,82.5],"area":6393.75,"segmentation":[],"iscrowd":0},{"id":6,"image_id":2,"category_id":1,"bbox":[0,319,53,74],"area":3922,"segmentation":[],"iscrowd":0},{"id":7,"image_id":2,"category_id":1,"bbox":[41,326,32.5,50.5],"area":1641.25,"segmentation":[],"iscrowd":0},{"id":8,"image_id":2,"category_id":1,"bbox":[72,313,98,84.5],"area":8281,"segmentation":[],"iscrowd":0},{"id":9,"image_id":3,"category_id":3,"bbox":[415,289,80,68],"area":5440,"segmentation":[],"iscrowd":0},{"id":10,"image_id":4,"category_id":2,"bbox":[459,308,89.5,103.5],"area":9263.25,"segmentation":[],"iscrowd":0},{"id":11,"image_id":4,"category_id":2,"bbox":[509,302,131,151],"area":19781,"segmentation":[],"iscrowd":0},{"id":12,"image_id":4,"category_id":1,"bbox":[420,321,56,54],"area":3024,"segmentation":[],"iscrowd":0},{"id":13,"image_id":4,"category_id":1,"bbox":[370,325,27,22.5],"area":607.5,"segmentation":[],"iscrowd":0},{"id":14,"image_id":4,"category_id":1,"bbox":[343,315,9,10],"area":90,"segmentation":[],"iscrowd":0},{"id":15,"image_id":5,"category_id":1,"bbox":[214,309,20.5,13.5],"area":276.75,"segmentation":[],"iscrowd":0},{"id":16,"image_id":6,"category_id":2,"bbox":[1,294,121.5,150.5],"area":18285.75,"segmentation":[],"iscrowd":0},{"id":17,"image_id":6,"category_id":3,"bbox":[308,314,34.5,37],"area":1276.5,"segmentation":[],"iscrowd":0},{"id":18,"image_id":6,"category_id":1,"bbox":[242,313,31,32],"area":992,"segmentation":[],"iscrowd":0},{"id":19,"image_id":7,"category_id":1,"bbox":[248,323,31.5,29.5],"area":929.25,"segmentation":[],"iscrowd":0},{"id":20,"image_id":7,"category_id":1,"bbox":[0,313,119.5,160],"area":19120,"segmentation":[],"iscrowd":0},{"id":21,"image_id":7,"category_id":3,"bbox":[318,300,38.5,59],"area":2271.5,"segmentation":[],"iscrowd":0},{"id":22,"image_id":8,"category_id":3,"bbox":[80,276,143,138.5],"area":19805.5,"segmentation":[],"iscrowd":0},{"id":23,"image_id":8,"category_id":2,"bbox":[450,304,60,66.5],"area":3990,"segmentation":[],"iscrowd":0},{"id":24,"image_id":8,"category_id":1,"bbox":[0,316,60,100.5],"area":6030,"segmentation":[],"iscrowd":0},{"id":25,"image_id":8,"category_id":1,"bbox":[523,316,65.5,28.5],"area":1866.75,"segmentation":[],"iscrowd":0},{"id":26,"image_id":8,"category_id":1,"bbox":[66,304,47,74],"area":3478,"segmentation":[],"iscrowd":0},{"id":27,"image_id":8,"category_id":3,"bbox":[193,267,247,303],"area":74841,"segmentation":[],"iscrowd":0},{"id":28,"image_id":8,"category_id":2,"bbox":[565,314,45.5,28],"area":1274,"segmentation":[],"iscrowd":0},{"id":29,"image_id":8,"category_id":1,"bbox":[48,320,22.5,21.5],"area":483.75,"segmentation":[],"iscrowd":0},{"id":30,"image_id":9,"category_id":1,"bbox":[450,313,66,33.5],"area":2211,"segmentation":[],"iscrowd":0},{"id":31,"image_id":9,"category_id":1,"bbox":[313,319,33.5,27],"area":904.5,"segmentation":[],"iscrowd":0},{"id":32,"image_id":9,"category_id":1,"bbox":[94,330,26,21],"area":546,"segmentation":[],"iscrowd":0},{"id":33,"image_id":9,"category_id":1,"bbox":[303,323,13.5,18.5],"area":249.75,"segmentation":[],"iscrowd":0},{"id":34,"image_id":10,"category_id":1,"bbox":[0,297,135,212],"area":28620,"segmentation":[],"iscrowd":0},{"id":35,"image_id":10,"category_id":3,"bbox":[235,169,261,383.5],"area":100093.5,"segmentation":[],"iscrowd":0},{"id":36,"image_id":10,"category_id":1,"bbox":[79,323,37,36.5],"area":1350.5,"segmentation":[],"iscrowd":0},{"id":37,"image_id":10,"category_id":1,"bbox":[112,330,35.5,31.5],"area":1118.25,"segmentation":[],"iscrowd":0},{"id":38,"image_id":10,"category_id":1,"bbox":[174,321,28.5,29.5],"area":840.75,"segmentation":[],"iscrowd":0},{"id":39,"image_id":10,"category_id":1,"bbox":[139,330,38.5,28],"area":1078,"segmentation":[],"iscrowd":0},{"id":40,"image_id":11,"category_id":1,"bbox":[325,319,27.5,14],"area":385,"segmentation":[],"iscrowd":0},{"id":41,"image_id":11,"category_id":2,"bbox":[405,310,35.5,20.5],"area":727.75,"segmentation":[],"iscrowd":0},{"id":42,"image_id":12,"category_id":2,"bbox":[466,314,116.5,132.5],"area":15436.25,"segmentation":[],"iscrowd":0},{"id":43,"image_id":12,"category_id":1,"bbox":[579,345,50,67.5],"area":3375,"segmentation":[],"iscrowd":0},{"id":44,"image_id":12,"category_id":1,"bbox":[365,346,60,59.5],"area":3570,"segmentation":[],"iscrowd":0},{"id":45,"image_id":12,"category_id":1,"bbox":[126,347,57.5,26],"area":1495,"segmentation":[],"iscrowd":0},{"id":46,"image_id":12,"category_id":1,"bbox":[320,353,24,19.5],"area":468,"segmentation":[],"iscrowd":0},{"id":47,"image_id":12,"category_id":1,"bbox":[169,348,45.5,22],"area":1001,"segmentation":[],"iscrowd":0},{"id":48,"image_id":12,"category_id":1,"bbox":[618,347,21.5,49.5],"area":1064.25,"segmentation":[],"iscrowd":0},{"id":49,"image_id":13,"category_id":3,"bbox":[315,293,61.5,71],"area":4366.5,"segmentation":[],"iscrowd":0},{"id":50,"image_id":14,"category_id":1,"bbox":[205,323,57,52.5],"area":2992.5,"segmentation":[],"iscrowd":0},{"id":51,"image_id":14,"category_id":3,"bbox":[299,283,78.5,108.5],"area":8517.25,"segmentation":[],"iscrowd":0},{"id":52,"image_id":14,"category_id":1,"bbox":[275,324,26.5,26.5],"area":702.25,"segmentation":[],"iscrowd":0},{"id":53,"image_id":15,"category_id":1,"bbox":[0,296,135,214.5],"area":28957.5,"segmentation":[],"iscrowd":0},{"id":54,"image_id":15,"category_id":3,"bbox":[234,168,259.5,379],"area":98350.5,"segmentation":[],"iscrowd":0},{"id":55,"image_id":15,"category_id":1,"bbox":[112,330,35.5,32],"area":1136,"segmentation":[],"iscrowd":0},{"id":56,"image_id":15,"category_id":1,"bbox":[79,322,37.5,37.5],"area":1406.25,"segmentation":[],"iscrowd":0},{"id":57,"image_id":15,"category_id":1,"bbox":[141,329,35.5,28.5],"area":1011.75,"segmentation":[],"iscrowd":0},{"id":58,"image_id":16,"category_id":1,"bbox":[453,314,62,33.5],"area":2077,"segmentation":[],"iscrowd":0},{"id":59,"image_id":16,"category_id":1,"bbox":[314,321,34.5,29],"area":1000.5,"segmentation":[],"iscrowd":0},{"id":60,"image_id":16,"category_id":1,"bbox":[90,329,29,25],"area":725,"segmentation":[],"iscrowd":0},{"id":61,"image_id":17,"category_id":2,"bbox":[425,305,145.5,145.5],"area":21170.25,"segmentation":[],"iscrowd":0},{"id":62,"image_id":17,"category_id":1,"bbox":[177,303,250,321.5],"area":80375,"segmentation":[],"iscrowd":0},{"id":63,"image_id":17,"category_id":1,"bbox":[558,313,82,323],"area":26486,"segmentation":[],"iscrowd":0},{"id":64,"image_id":17,"category_id":1,"bbox":[273,294,78,20],"area":1560,"segmentation":[],"iscrowd":0},{"id":65,"image_id":18,"category_id":1,"bbox":[6,326,84.5,79],"area":6675.5,"segmentation":[],"iscrowd":0},{"id":66,"image_id":18,"category_id":1,"bbox":[155,320,62,56.5],"area":3503,"segmentation":[],"iscrowd":0},{"id":67,"image_id":18,"category_id":1,"bbox":[69,320,43.5,50],"area":2175,"segmentation":[],"iscrowd":0},{"id":68,"image_id":18,"category_id":3,"bbox":[245,293,72.5,80.5],"area":5836.25,"segmentation":[],"iscrowd":0},{"id":69,"image_id":18,"category_id":1,"bbox":[210,313,41.5,25],"area":1037.5,"segmentation":[],"iscrowd":0},{"id":70,"image_id":18,"category_id":1,"bbox":[120,319,19,36],"area":684,"segmentation":[],"iscrowd":0},{"id":71,"image_id":18,"category_id":1,"bbox":[140,318,32,49.5],"area":1584,"segmentation":[],"iscrowd":0},{"id":72,"image_id":19,"category_id":3,"bbox":[309,302,42,54],"area":2268,"segmentation":[],"iscrowd":0},{"id":73,"image_id":19,"category_id":1,"bbox":[232,320,26.5,27],"area":715.5,"segmentation":[],"iscrowd":0},{"id":74,"image_id":19,"category_id":1,"bbox":[263,322,16.5,17.5],"area":288.75,"segmentation":[],"iscrowd":0},{"id":75,"image_id":19,"category_id":1,"bbox":[293,320,12,15.5],"area":186,"segmentation":[],"iscrowd":0},{"id":76,"image_id":20,"category_id":3,"bbox":[282,286,42.5,39.5],"area":1678.75,"segmentation":[],"iscrowd":0},{"id":77,"image_id":20,"category_id":1,"bbox":[117,302,32,18],"area":576,"segmentation":[],"iscrowd":0},{"id":78,"image_id":23,"category_id":1,"bbox":[194,320,113,46],"area":5198,"segmentation":[],"iscrowd":0},{"id":79,"image_id":23,"category_id":2,"bbox":[378,300,110.5,59.5],"area":6574.75,"segmentation":[],"iscrowd":0},{"id":80,"image_id":23,"category_id":1,"bbox":[554,292,86,52],"area":4472,"segmentation":[],"iscrowd":0},{"id":81,"image_id":23,"category_id":2,"bbox":[11,328,20.5,19.5],"area":399.75,"segmentation":[],"iscrowd":0},{"id":82,"image_id":23,"category_id":1,"bbox":[71,331,11.5,10],"area":115,"segmentation":[],"iscrowd":0},{"id":83,"image_id":23,"category_id":2,"bbox":[480,290,71.5,56.5],"area":4039.75,"segmentation":[],"iscrowd":0},{"id":84,"image_id":23,"category_id":3,"bbox":[97,324,11,15],"area":165,"segmentation":[],"iscrowd":0},{"id":85,"image_id":23,"category_id":3,"bbox":[107,328,6.5,7.5],"area":48.75,"segmentation":[],"iscrowd":0},{"id":86,"image_id":24,"category_id":1,"bbox":[121,314,46.5,62.5],"area":2906.25,"segmentation":[],"iscrowd":0},{"id":87,"image_id":24,"category_id":1,"bbox":[189,313,75.5,71.5],"area":5398.25,"segmentation":[],"iscrowd":0},{"id":88,"image_id":24,"category_id":1,"bbox":[595,321,44,42.5],"area":1870,"segmentation":[],"iscrowd":0},{"id":89,"image_id":24,"category_id":1,"bbox":[256,320,26,39.5],"area":1027,"segmentation":[],"iscrowd":0},{"id":90,"image_id":24,"category_id":2,"bbox":[374,309,51,53],"area":2703,"segmentation":[],"iscrowd":0},{"id":91,"image_id":24,"category_id":1,"bbox":[273,315,33,30],"area":990,"segmentation":[],"iscrowd":0},{"id":92,"image_id":24,"category_id":1,"bbox":[354,320,26,26],"area":676,"segmentation":[],"iscrowd":0},{"id":93,"image_id":24,"category_id":2,"bbox":[0,237,131,324.5],"area":42509.5,"segmentation":[],"iscrowd":0},{"id":94,"image_id":25,"category_id":3,"bbox":[301,278,70.5,95.5],"area":6732.75,"segmentation":[],"iscrowd":0},{"id":95,"image_id":26,"category_id":2,"bbox":[91,316,46.5,41],"area":1906.5,"segmentation":[],"iscrowd":0},{"id":96,"image_id":26,"category_id":2,"bbox":[520,276,92.5,51],"area":4717.5,"segmentation":[],"iscrowd":0},{"id":97,"image_id":26,"category_id":1,"bbox":[181,320,34,31],"area":1054,"segmentation":[],"iscrowd":0},{"id":98,"image_id":26,"category_id":3,"bbox":[336,311,31.5,36],"area":1134,"segmentation":[],"iscrowd":0},{"id":99,"image_id":26,"category_id":1,"bbox":[146,320,28.5,26.5],"area":755.25,"segmentation":[],"iscrowd":0},{"id":100,"image_id":26,"category_id":1,"bbox":[254,321,19.5,18.5],"area":360.75,"segmentation":[],"iscrowd":0},{"id":101,"image_id":26,"category_id":1,"bbox":[208,314,18.5,20.5],"area":379.25,"segmentation":[],"iscrowd":0},{"id":102,"image_id":26,"category_id":3,"bbox":[288,310,21,25.5],"area":535.5,"segmentation":[],"iscrowd":0},{"id":103,"image_id":28,"category_id":1,"bbox":[73,318,97.5,80.5],"area":7848.75,"segmentation":[],"iscrowd":0},{"id":104,"image_id":28,"category_id":1,"bbox":[34,315,65.5,58.5],"area":3831.75,"segmentation":[],"iscrowd":0},{"id":105,"image_id":28,"category_id":2,"bbox":[426,305,145,144.5],"area":20952.5,"segmentation":[],"iscrowd":0},{"id":106,"image_id":28,"category_id":1,"bbox":[559,314,80.5,322.5],"area":25961.25,"segmentation":[],"iscrowd":0},{"id":107,"image_id":28,"category_id":1,"bbox":[177,304,247.5,319],"area":78952.5,"segmentation":[],"iscrowd":0},{"id":108,"image_id":28,"category_id":1,"bbox":[392,318,32.5,28.5],"area":926.25,"segmentation":[],"iscrowd":0},{"id":109,"image_id":28,"category_id":1,"bbox":[271,293,80.5,21],"area":1690.5,"segmentation":[],"iscrowd":0},{"id":110,"image_id":28,"category_id":1,"bbox":[379,313,19,23.5],"area":446.5,"segmentation":[],"iscrowd":0},{"id":111,"image_id":29,"category_id":3,"bbox":[76,276,149,139],"area":20711,"segmentation":[],"iscrowd":0},{"id":112,"image_id":29,"category_id":1,"bbox":[453,315,54.5,58],"area":3161,"segmentation":[],"iscrowd":0},{"id":113,"image_id":29,"category_id":1,"bbox":[0,315,61,101.5],"area":6191.5,"segmentation":[],"iscrowd":0},{"id":114,"image_id":29,"category_id":1,"bbox":[523,316,60,28],"area":1680,"segmentation":[],"iscrowd":0},{"id":115,"image_id":29,"category_id":1,"bbox":[66,303,48,74.5],"area":3576,"segmentation":[],"iscrowd":0},{"id":116,"image_id":29,"category_id":3,"bbox":[193,266,246.5,307.5],"area":75798.75,"segmentation":[],"iscrowd":0},{"id":117,"image_id":29,"category_id":1,"bbox":[49,319,23.5,22],"area":517,"segmentation":[],"iscrowd":0},{"id":118,"image_id":30,"category_id":1,"bbox":[223,330,24.5,25.5],"area":624.75,"segmentation":[],"iscrowd":0},{"id":119,"image_id":30,"category_id":2,"bbox":[260,305,93,111],"area":10323,"segmentation":[],"iscrowd":0},{"id":120,"image_id":30,"category_id":1,"bbox":[351,320,19.5,21],"area":409.5,"segmentation":[],"iscrowd":0},{"id":121,"image_id":31,"category_id":3,"bbox":[276,305,111.5,138.5],"area":15442.75,"segmentation":[],"iscrowd":0},{"id":122,"image_id":31,"category_id":3,"bbox":[240,311,46,53.5],"area":2461,"segmentation":[],"iscrowd":0},{"id":123,"image_id":31,"category_id":1,"bbox":[126,323,64,53.5],"area":3424,"segmentation":[],"iscrowd":0},{"id":124,"image_id":31,"category_id":1,"bbox":[0,323,99,84],"area":8316,"segmentation":[],"iscrowd":0},{"id":125,"image_id":31,"category_id":1,"bbox":[572,331,66.5,36],"area":2394,"segmentation":[],"iscrowd":0},{"id":126,"image_id":31,"category_id":1,"bbox":[77,328,28,24],"area":672,"segmentation":[],"iscrowd":0},{"id":127,"image_id":31,"category_id":1,"bbox":[203,323,21.5,22.5],"area":483.75,"segmentation":[],"iscrowd":0},{"id":128,"image_id":31,"category_id":1,"bbox":[104,329,23.5,21],"area":493.5,"segmentation":[],"iscrowd":0},{"id":129,"image_id":32,"category_id":1,"bbox":[324,318,27,16],"area":432,"segmentation":[],"iscrowd":0},{"id":130,"image_id":32,"category_id":2,"bbox":[404,311,35,20],"area":700,"segmentation":[],"iscrowd":0},{"id":131,"image_id":33,"category_id":2,"bbox":[226,319,47.5,49.5],"area":2351.25,"segmentation":[],"iscrowd":0},{"id":132,"image_id":33,"category_id":2,"bbox":[353,319,27,30],"area":810,"segmentation":[],"iscrowd":0},{"id":133,"image_id":33,"category_id":1,"bbox":[268,325,24.5,30.5],"area":747.25,"segmentation":[],"iscrowd":0},{"id":134,"image_id":33,"category_id":1,"bbox":[617,330,23,37],"area":851,"segmentation":[],"iscrowd":0},{"id":135,"image_id":33,"category_id":1,"bbox":[82,335,27.5,22.5],"area":618.75,"segmentation":[],"iscrowd":0},{"id":136,"image_id":33,"category_id":2,"bbox":[0,321,31,36.5],"area":1131.5,"segmentation":[],"iscrowd":0},{"id":137,"image_id":34,"category_id":2,"bbox":[0,281,108.5,147.5],"area":16003.75,"segmentation":[],"iscrowd":0},{"id":138,"image_id":34,"category_id":3,"bbox":[282,289,71.5,94.5],"area":6756.75,"segmentation":[],"iscrowd":0},{"id":139,"image_id":34,"category_id":1,"bbox":[244,329,41.5,36],"area":1494,"segmentation":[],"iscrowd":0},{"id":140,"image_id":34,"category_id":2,"bbox":[356,332,31,19],"area":589,"segmentation":[],"iscrowd":0},{"id":141,"image_id":35,"category_id":1,"bbox":[591,294,47.5,40.5],"area":1923.75,"segmentation":[],"iscrowd":0},{"id":142,"image_id":35,"category_id":1,"bbox":[0,338,12,21],"area":252,"segmentation":[],"iscrowd":0},{"id":143,"image_id":36,"category_id":1,"bbox":[1,336,76.5,64],"area":4896,"segmentation":[],"iscrowd":0},{"id":144,"image_id":36,"category_id":1,"bbox":[62,331,58.5,51],"area":2983.5,"segmentation":[],"iscrowd":0},{"id":145,"image_id":36,"category_id":1,"bbox":[488,305,151,173],"area":26123,"segmentation":[],"iscrowd":0},{"id":146,"image_id":36,"category_id":2,"bbox":[134,318,48,45.5],"area":2184,"segmentation":[],"iscrowd":0},{"id":147,"image_id":36,"category_id":2,"bbox":[387,304,51.5,56.5],"area":2909.75,"segmentation":[],"iscrowd":0},{"id":148,"image_id":36,"category_id":2,"bbox":[290,294,99.5,118.5],"area":11790.75,"segmentation":[],"iscrowd":0},{"id":149,"image_id":36,"category_id":1,"bbox":[204,320,38.5,27],"area":1039.5,"segmentation":[],"iscrowd":0},{"id":150,"image_id":36,"category_id":1,"bbox":[244,318,22,19],"area":418,"segmentation":[],"iscrowd":0},{"id":151,"image_id":37,"category_id":2,"bbox":[49,313,18,17],"area":306,"segmentation":[],"iscrowd":0},{"id":152,"image_id":37,"category_id":2,"bbox":[116,318,11,11],"area":121,"segmentation":[],"iscrowd":0},{"id":153,"image_id":37,"category_id":2,"bbox":[239,321,11,12.5],"area":137.5,"segmentation":[],"iscrowd":0},{"id":154,"image_id":37,"category_id":2,"bbox":[267,322,8,9],"area":72,"segmentation":[],"iscrowd":0},{"id":155,"image_id":37,"category_id":2,"bbox":[279,322,11.5,11],"area":126.5,"segmentation":[],"iscrowd":0},{"id":156,"image_id":37,"category_id":1,"bbox":[258,325,6.5,5],"area":32.5,"segmentation":[],"iscrowd":0},{"id":157,"image_id":37,"category_id":1,"bbox":[104,316,6,7.5],"area":45,"segmentation":[],"iscrowd":0},{"id":158,"image_id":37,"category_id":2,"bbox":[174,322,5.5,6],"area":33,"segmentation":[],"iscrowd":0},{"id":159,"image_id":38,"category_id":2,"bbox":[425,305,146,146],"area":21316,"segmentation":[],"iscrowd":0},{"id":160,"image_id":38,"category_id":1,"bbox":[558,315,81.5,322.5],"area":26283.75,"segmentation":[],"iscrowd":0},{"id":161,"image_id":38,"category_id":1,"bbox":[177,305,252,317.5],"area":80010,"segmentation":[],"iscrowd":0},{"id":162,"image_id":38,"category_id":1,"bbox":[272,293,79.5,21.5],"area":1709.25,"segmentation":[],"iscrowd":0},{"id":163,"image_id":39,"category_id":3,"bbox":[139,322,65,42.5],"area":2762.5,"segmentation":[],"iscrowd":0},{"id":164,"image_id":39,"category_id":1,"bbox":[84,335,53,38],"area":2014,"segmentation":[],"iscrowd":0},{"id":165,"image_id":39,"category_id":1,"bbox":[289,330,31,19.5],"area":604.5,"segmentation":[],"iscrowd":0},{"id":166,"image_id":39,"category_id":1,"bbox":[271,329,28.5,22],"area":627,"segmentation":[],"iscrowd":0},{"id":167,"image_id":39,"category_id":2,"bbox":[344,323,43.5,27.5],"area":1196.25,"segmentation":[],"iscrowd":0},{"id":168,"image_id":39,"category_id":1,"bbox":[115,326,41.5,23.5],"area":975.25,"segmentation":[],"iscrowd":0},{"id":169,"image_id":40,"category_id":1,"bbox":[505,307,86.5,62],"area":5363,"segmentation":[],"iscrowd":0},{"id":170,"image_id":40,"category_id":1,"bbox":[496,304,43,53],"area":2279,"segmentation":[],"iscrowd":0},{"id":171,"image_id":41,"category_id":3,"bbox":[507,284,88,106],"area":9328,"segmentation":[],"iscrowd":0},{"id":172,"image_id":41,"category_id":1,"bbox":[352,325,12,8],"area":96,"segmentation":[],"iscrowd":0},{"id":173,"image_id":41,"category_id":3,"bbox":[384,315,13.5,21.5],"area":290.25,"segmentation":[],"iscrowd":0},{"id":174,"image_id":41,"category_id":2,"bbox":[465,309,46,31],"area":1426,"segmentation":[],"iscrowd":0},{"id":175,"image_id":41,"category_id":2,"bbox":[598,300,42,54.5],"area":2289,"segmentation":[],"iscrowd":0},{"id":176,"image_id":42,"category_id":1,"bbox":[252,324,17.5,16],"area":280,"segmentation":[],"iscrowd":0},{"id":177,"image_id":43,"category_id":2,"bbox":[160,320,16.5,14.5],"area":239.25,"segmentation":[],"iscrowd":0},{"id":178,"image_id":43,"category_id":2,"bbox":[276,320,11.5,14],"area":161,"segmentation":[],"iscrowd":0},{"id":179,"image_id":43,"category_id":1,"bbox":[293,320,6,7.5],"area":45,"segmentation":[],"iscrowd":0},{"id":180,"image_id":43,"category_id":1,"bbox":[302,320,6,7.5],"area":45,"segmentation":[],"iscrowd":0},{"id":181,"image_id":43,"category_id":1,"bbox":[319,319,7.5,8],"area":60,"segmentation":[],"iscrowd":0},{"id":182,"image_id":43,"category_id":1,"bbox":[217,324,7.5,7],"area":52.5,"segmentation":[],"iscrowd":0},{"id":183,"image_id":44,"category_id":3,"bbox":[296,278,77,97],"area":7469,"segmentation":[],"iscrowd":0},{"id":184,"image_id":44,"category_id":2,"bbox":[156,315,31,29.5],"area":914.5,"segmentation":[],"iscrowd":0},{"id":185,"image_id":44,"category_id":1,"bbox":[116,321,34.5,23.5],"area":810.75,"segmentation":[],"iscrowd":0},{"id":186,"image_id":44,"category_id":1,"bbox":[0,286,141.5,292.5],"area":41388.75,"segmentation":[],"iscrowd":0},{"id":187,"image_id":44,"category_id":1,"bbox":[186,321,17.5,20.5],"area":358.75,"segmentation":[],"iscrowd":0},{"id":188,"image_id":45,"category_id":1,"bbox":[55,334,153,120.5],"area":18436.5,"segmentation":[],"iscrowd":0},{"id":189,"image_id":45,"category_id":2,"bbox":[458,327,110,98],"area":10780,"segmentation":[],"iscrowd":0},{"id":190,"image_id":45,"category_id":3,"bbox":[389,317,71.5,70],"area":5005,"segmentation":[],"iscrowd":0},{"id":191,"image_id":45,"category_id":1,"bbox":[269,342,28,29],"area":812,"segmentation":[],"iscrowd":0},{"id":192,"image_id":45,"category_id":1,"bbox":[373,344,18.5,24],"area":444,"segmentation":[],"iscrowd":0},{"id":193,"image_id":46,"category_id":2,"bbox":[258,309,56.5,62.5],"area":3531.25,"segmentation":[],"iscrowd":0},{"id":194,"image_id":46,"category_id":2,"bbox":[16,323,52,46.5],"area":2418,"segmentation":[],"iscrowd":0},{"id":195,"image_id":46,"category_id":1,"bbox":[204,330,16,14.5],"area":232,"segmentation":[],"iscrowd":0},{"id":196,"image_id":46,"category_id":1,"bbox":[60,328,32,38],"area":1216,"segmentation":[],"iscrowd":0},{"id":197,"image_id":46,"category_id":3,"bbox":[134,331,21.5,19],"area":408.5,"segmentation":[],"iscrowd":0},{"id":198,"image_id":46,"category_id":3,"bbox":[155,327,26.5,23.5],"area":622.75,"segmentation":[],"iscrowd":0},{"id":199,"image_id":47,"category_id":1,"bbox":[478,304,42.5,49],"area":2082.5,"segmentation":[],"iscrowd":0},{"id":200,"image_id":47,"category_id":2,"bbox":[98,308,59,43],"area":2537,"segmentation":[],"iscrowd":0},{"id":201,"image_id":48,"category_id":2,"bbox":[299,312,16,16.5],"area":264,"segmentation":[],"iscrowd":0},{"id":202,"image_id":48,"category_id":2,"bbox":[351,311,19,19.5],"area":370.5,"segmentation":[],"iscrowd":0},{"id":203,"image_id":48,"category_id":1,"bbox":[320,313,19.5,15.5],"area":302.25,"segmentation":[],"iscrowd":0},{"id":204,"image_id":48,"category_id":1,"bbox":[265,310,24.5,19.5],"area":477.75,"segmentation":[],"iscrowd":0},{"id":205,"image_id":49,"category_id":2,"bbox":[447,306,22,18],"area":396,"segmentation":[],"iscrowd":0},{"id":206,"image_id":49,"category_id":2,"bbox":[327,307,27.5,24],"area":660,"segmentation":[],"iscrowd":0},{"id":207,"image_id":49,"category_id":2,"bbox":[100,317,52.5,34.5],"area":1811.25,"segmentation":[],"iscrowd":0},{"id":208,"image_id":50,"category_id":3,"bbox":[302,279,69.5,94.5],"area":6567.75,"segmentation":[],"iscrowd":0},{"id":209,"image_id":51,"category_id":1,"bbox":[405,333,56.5,47],"area":2655.5,"segmentation":[],"iscrowd":0},{"id":210,"image_id":51,"category_id":1,"bbox":[0,347,58,51],"area":2958,"segmentation":[],"iscrowd":0},{"id":211,"image_id":51,"category_id":1,"bbox":[90,340,57,37.5],"area":2137.5,"segmentation":[],"iscrowd":0},{"id":212,"image_id":51,"category_id":1,"bbox":[313,332,18,17],"area":306,"segmentation":[],"iscrowd":0},{"id":213,"image_id":51,"category_id":1,"bbox":[383,325,33.5,35.5],"area":1189.25,"segmentation":[],"iscrowd":0},{"id":214,"image_id":51,"category_id":1,"bbox":[369,333,16.5,14],"area":231,"segmentation":[],"iscrowd":0},{"id":215,"image_id":52,"category_id":1,"bbox":[48,315,42.5,33],"area":1402.5,"segmentation":[],"iscrowd":0},{"id":216,"image_id":52,"category_id":3,"bbox":[324,313,34.5,34],"area":1173,"segmentation":[],"iscrowd":0},{"id":217,"image_id":52,"category_id":3,"bbox":[221,315,13.5,16.5],"area":222.75,"segmentation":[],"iscrowd":0},{"id":218,"image_id":52,"category_id":2,"bbox":[282,321,20.5,19],"area":389.5,"segmentation":[],"iscrowd":0},{"id":219,"image_id":52,"category_id":2,"bbox":[310,320,20.5,25],"area":512.5,"segmentation":[],"iscrowd":0},{"id":220,"image_id":53,"category_id":3,"bbox":[45,280,78.5,59],"area":4631.5,"segmentation":[],"iscrowd":0},{"id":221,"image_id":54,"category_id":1,"bbox":[394,323,32,35],"area":1120,"segmentation":[],"iscrowd":0},{"id":222,"image_id":57,"category_id":1,"bbox":[326,312,11,10.5],"area":115.5,"segmentation":[],"iscrowd":0},{"id":223,"image_id":57,"category_id":1,"bbox":[290,315,9,9.5],"area":85.5,"segmentation":[],"iscrowd":0},{"id":224,"image_id":57,"category_id":1,"bbox":[299,311,8.5,7],"area":59.5,"segmentation":[],"iscrowd":0},{"id":225,"image_id":57,"category_id":1,"bbox":[338,314,10,11.5],"area":115,"segmentation":[],"iscrowd":0},{"id":226,"image_id":57,"category_id":1,"bbox":[312,311,9,10],"area":90,"segmentation":[],"iscrowd":0},{"id":227,"image_id":58,"category_id":3,"bbox":[362,313,34.5,36],"area":1242,"segmentation":[],"iscrowd":0},{"id":228,"image_id":58,"category_id":1,"bbox":[348,323,16.5,12],"area":198,"segmentation":[],"iscrowd":0},{"id":229,"image_id":59,"category_id":2,"bbox":[168,297,78,94.5],"area":7371,"segmentation":[],"iscrowd":0},{"id":230,"image_id":59,"category_id":3,"bbox":[298,292,77,93.5],"area":7199.5,"segmentation":[],"iscrowd":0},{"id":231,"image_id":59,"category_id":2,"bbox":[0,252,175.5,289],"area":50719.5,"segmentation":[],"iscrowd":0},{"id":232,"image_id":59,"category_id":1,"bbox":[251,317,38,34.5],"area":1311,"segmentation":[],"iscrowd":0},{"id":233,"image_id":61,"category_id":3,"bbox":[302,301,44,55],"area":2420,"segmentation":[],"iscrowd":0},{"id":234,"image_id":62,"category_id":3,"bbox":[302,282,61,79.5],"area":4849.5,"segmentation":[],"iscrowd":0},{"id":235,"image_id":62,"category_id":1,"bbox":[281,311,18,16.5],"area":297,"segmentation":[],"iscrowd":0},{"id":236,"image_id":63,"category_id":1,"bbox":[216,305,26.5,15],"area":397.5,"segmentation":[],"iscrowd":0},{"id":237,"image_id":64,"category_id":3,"bbox":[314,294,37,46],"area":1702,"segmentation":[],"iscrowd":0},{"id":238,"image_id":64,"category_id":1,"bbox":[1,312,48,30],"area":1440,"segmentation":[],"iscrowd":0},{"id":239,"image_id":64,"category_id":3,"bbox":[232,295,51.5,55],"area":2832.5,"segmentation":[],"iscrowd":0},{"id":240,"image_id":64,"category_id":1,"bbox":[135,303,30,25],"area":750,"segmentation":[],"iscrowd":0},{"id":241,"image_id":64,"category_id":1,"bbox":[49,311,38,19.5],"area":741,"segmentation":[],"iscrowd":0},{"id":242,"image_id":64,"category_id":1,"bbox":[274,303,24.5,32.5],"area":796.25,"segmentation":[],"iscrowd":0},{"id":243,"image_id":64,"category_id":1,"bbox":[203,307,20,15.5],"area":310,"segmentation":[],"iscrowd":0},{"id":244,"image_id":64,"category_id":1,"bbox":[366,308,26,14.5],"area":377,"segmentation":[],"iscrowd":0},{"id":245,"image_id":64,"category_id":3,"bbox":[290,301,20,30.5],"area":610,"segmentation":[],"iscrowd":0},{"id":246,"image_id":64,"category_id":2,"bbox":[185,304,14,14.5],"area":203,"segmentation":[],"iscrowd":0},{"id":247,"image_id":65,"category_id":1,"bbox":[354,313,198,129.5],"area":25641,"segmentation":[],"iscrowd":0},{"id":248,"image_id":65,"category_id":1,"bbox":[28,312,142,137],"area":19454,"segmentation":[],"iscrowd":0},{"id":249,"image_id":66,"category_id":1,"bbox":[302,323,40,41.5],"area":1660,"segmentation":[],"iscrowd":0},{"id":250,"image_id":66,"category_id":1,"bbox":[142,320,53,60.5],"area":3206.5,"segmentation":[],"iscrowd":0},{"id":251,"image_id":66,"category_id":1,"bbox":[234,322,43,43.5],"area":1870.5,"segmentation":[],"iscrowd":0},{"id":252,"image_id":66,"category_id":1,"bbox":[621,333,18.5,34],"area":629,"segmentation":[],"iscrowd":0},{"id":253,"image_id":66,"category_id":1,"bbox":[270,319,25.5,32],"area":816,"segmentation":[],"iscrowd":0},{"id":254,"image_id":67,"category_id":1,"bbox":[266,316,17,18.5],"area":314.5,"segmentation":[],"iscrowd":0},{"id":255,"image_id":67,"category_id":1,"bbox":[240,319,21.5,23.5],"area":505.25,"segmentation":[],"iscrowd":0},{"id":256,"image_id":67,"category_id":1,"bbox":[193,326,14.5,11.5],"area":166.75,"segmentation":[],"iscrowd":0},{"id":257,"image_id":67,"category_id":3,"bbox":[311,303,35.5,52],"area":1846,"segmentation":[],"iscrowd":0},{"id":258,"image_id":67,"category_id":1,"bbox":[294,319,13,14],"area":182,"segmentation":[],"iscrowd":0},{"id":259,"image_id":68,"category_id":1,"bbox":[0,311,64,66.5],"area":4256,"segmentation":[],"iscrowd":0},{"id":260,"image_id":68,"category_id":2,"bbox":[384,313,52.5,52.5],"area":2756.25,"segmentation":[],"iscrowd":0},{"id":261,"image_id":68,"category_id":2,"bbox":[574,313,66,59],"area":3894,"segmentation":[],"iscrowd":0},{"id":262,"image_id":68,"category_id":3,"bbox":[75,310,73.5,62],"area":4557,"segmentation":[],"iscrowd":0},{"id":263,"image_id":68,"category_id":2,"bbox":[142,308,51.5,50.5],"area":2600.75,"segmentation":[],"iscrowd":0},{"id":264,"image_id":68,"category_id":1,"bbox":[211,317,20.5,19.5],"area":399.75,"segmentation":[],"iscrowd":0},{"id":265,"image_id":68,"category_id":1,"bbox":[306,315,14,11.5],"area":161,"segmentation":[],"iscrowd":0},{"id":266,"image_id":68,"category_id":3,"bbox":[111,285,58.5,38],"area":2223,"segmentation":[],"iscrowd":0},{"id":267,"image_id":69,"category_id":1,"bbox":[0,296,135,225],"area":30375,"segmentation":[],"iscrowd":0},{"id":268,"image_id":69,"category_id":3,"bbox":[235,167,259.5,383],"area":99388.5,"segmentation":[],"iscrowd":0},{"id":269,"image_id":69,"category_id":1,"bbox":[79,323,38,37.5],"area":1425,"segmentation":[],"iscrowd":0},{"id":270,"image_id":69,"category_id":1,"bbox":[113,331,35,31],"area":1085,"segmentation":[],"iscrowd":0},{"id":271,"image_id":69,"category_id":1,"bbox":[139,329,29.5,30],"area":885,"segmentation":[],"iscrowd":0},{"id":272,"image_id":69,"category_id":3,"bbox":[174,321,31,29],"area":899,"segmentation":[],"iscrowd":0},{"id":273,"image_id":70,"category_id":2,"bbox":[425,305,146,144],"area":21024,"segmentation":[],"iscrowd":0},{"id":274,"image_id":70,"category_id":1,"bbox":[176,305,252,319],"area":80388,"segmentation":[],"iscrowd":0},{"id":275,"image_id":70,"category_id":1,"bbox":[558,313,82,323],"area":26486,"segmentation":[],"iscrowd":0},{"id":276,"image_id":70,"category_id":1,"bbox":[272,293,79.5,21.5],"area":1709.25,"segmentation":[],"iscrowd":0},{"id":277,"image_id":71,"category_id":1,"bbox":[301,324,43,41],"area":1763,"segmentation":[],"iscrowd":0},{"id":278,"image_id":71,"category_id":1,"bbox":[235,321,40,44.5],"area":1780,"segmentation":[],"iscrowd":0},{"id":279,"image_id":71,"category_id":2,"bbox":[142,318,52.5,62.5],"area":3281.25,"segmentation":[],"iscrowd":0},{"id":280,"image_id":71,"category_id":1,"bbox":[369,328,32,28],"area":896,"segmentation":[],"iscrowd":0},{"id":281,"image_id":71,"category_id":1,"bbox":[273,321,24.5,26.5],"area":649.25,"segmentation":[],"iscrowd":0},{"id":282,"image_id":71,"category_id":1,"bbox":[352,324,21,25],"area":525,"segmentation":[],"iscrowd":0},{"id":283,"image_id":71,"category_id":1,"bbox":[617,331,23,36],"area":828,"segmentation":[],"iscrowd":0},{"id":284,"image_id":71,"category_id":1,"bbox":[86,337,26.5,22],"area":583,"segmentation":[],"iscrowd":0},{"id":285,"image_id":72,"category_id":3,"bbox":[283,314,41,31],"area":1271,"segmentation":[],"iscrowd":0},{"id":286,"image_id":72,"category_id":1,"bbox":[239,312,30,25],"area":750,"segmentation":[],"iscrowd":0},{"id":287,"image_id":72,"category_id":1,"bbox":[436,324,85.5,60.5],"area":5172.75,"segmentation":[],"iscrowd":0},{"id":288,"image_id":72,"category_id":1,"bbox":[183,309,20,23],"area":460,"segmentation":[],"iscrowd":0},{"id":289,"image_id":73,"category_id":1,"bbox":[400,326,52.5,47.5],"area":2493.75,"segmentation":[],"iscrowd":0},{"id":290,"image_id":73,"category_id":2,"bbox":[378,319,37,39],"area":1443,"segmentation":[],"iscrowd":0},{"id":291,"image_id":73,"category_id":1,"bbox":[361,332,17.5,17.5],"area":306.25,"segmentation":[],"iscrowd":0},{"id":292,"image_id":74,"category_id":1,"bbox":[61,318,102,71.5],"area":7293,"segmentation":[],"iscrowd":0},{"id":293,"image_id":74,"category_id":1,"bbox":[21,317,60.5,59],"area":3569.5,"segmentation":[],"iscrowd":0},{"id":294,"image_id":74,"category_id":1,"bbox":[210,314,74.5,64],"area":4768,"segmentation":[],"iscrowd":0},{"id":295,"image_id":74,"category_id":1,"bbox":[284,313,31.5,30.5],"area":960.75,"segmentation":[],"iscrowd":0},{"id":296,"image_id":74,"category_id":1,"bbox":[317,313,34,30],"area":1020,"segmentation":[],"iscrowd":0},{"id":297,"image_id":74,"category_id":1,"bbox":[183,321,30,23],"area":690,"segmentation":[],"iscrowd":0},{"id":298,"image_id":74,"category_id":1,"bbox":[355,313,32,36.5],"area":1168,"segmentation":[],"iscrowd":0},{"id":299,"image_id":74,"category_id":1,"bbox":[563,302,76,43.5],"area":3306,"segmentation":[],"iscrowd":0},{"id":300,"image_id":74,"category_id":3,"bbox":[384,306,25,35],"area":875,"segmentation":[],"iscrowd":0},{"id":301,"image_id":75,"category_id":3,"bbox":[299,303,71.5,91.5],"area":6542.25,"segmentation":[],"iscrowd":0},{"id":302,"image_id":75,"category_id":3,"bbox":[0,277,163,214.5],"area":34963.5,"segmentation":[],"iscrowd":0},{"id":303,"image_id":75,"category_id":1,"bbox":[141,324,83,73],"area":6059,"segmentation":[],"iscrowd":0},{"id":304,"image_id":75,"category_id":3,"bbox":[285,328,17,19.5],"area":331.5,"segmentation":[],"iscrowd":0},{"id":305,"image_id":75,"category_id":1,"bbox":[225,334,28.5,26.5],"area":755.25,"segmentation":[],"iscrowd":0},{"id":306,"image_id":75,"category_id":1,"bbox":[126,317,39,27],"area":1053,"segmentation":[],"iscrowd":0},{"id":307,"image_id":76,"category_id":3,"bbox":[190,296,78,81],"area":6318,"segmentation":[],"iscrowd":0},{"id":308,"image_id":76,"category_id":1,"bbox":[0,318,53,73.5],"area":3895.5,"segmentation":[],"iscrowd":0},{"id":309,"image_id":76,"category_id":1,"bbox":[39,325,35.5,49.5],"area":1757.25,"segmentation":[],"iscrowd":0},{"id":310,"image_id":76,"category_id":1,"bbox":[82,314,87.5,78.5],"area":6868.75,"segmentation":[],"iscrowd":0},{"id":311,"image_id":77,"category_id":3,"bbox":[404,278,62,75],"area":4650,"segmentation":[],"iscrowd":0},{"id":312,"image_id":77,"category_id":1,"bbox":[454,285,16.5,15.5],"area":255.75,"segmentation":[],"iscrowd":0},{"id":313,"image_id":78,"category_id":1,"bbox":[223,327,38.5,36.5],"area":1405.25,"segmentation":[],"iscrowd":0},{"id":314,"image_id":78,"category_id":3,"bbox":[287,305,48.5,61.5],"area":2982.75,"segmentation":[],"iscrowd":0},{"id":315,"image_id":79,"category_id":1,"bbox":[315,326,250,147],"area":36750,"segmentation":[],"iscrowd":0},{"id":316,"image_id":79,"category_id":1,"bbox":[1,316,100.5,139.5],"area":14019.75,"segmentation":[],"iscrowd":0},{"id":317,"image_id":80,"category_id":3,"bbox":[300,364,34.5,39],"area":1345.5,"segmentation":[],"iscrowd":0},{"id":318,"image_id":81,"category_id":1,"bbox":[315,325,250.5,147.5],"area":36948.75,"segmentation":[],"iscrowd":0},{"id":319,"image_id":81,"category_id":1,"bbox":[1,316,97.5,142],"area":13845,"segmentation":[],"iscrowd":0},{"id":320,"image_id":82,"category_id":1,"bbox":[399,307,23.5,20],"area":470,"segmentation":[],"iscrowd":0},{"id":321,"image_id":82,"category_id":1,"bbox":[304,313,21,16],"area":336,"segmentation":[],"iscrowd":0},{"id":322,"image_id":82,"category_id":2,"bbox":[372,308,18.5,19.5],"area":360.75,"segmentation":[],"iscrowd":0},{"id":323,"image_id":82,"category_id":2,"bbox":[323,309,16.5,16.5],"area":272.25,"segmentation":[],"iscrowd":0},{"id":324,"image_id":82,"category_id":1,"bbox":[141,309,48.5,23.5],"area":1139.75,"segmentation":[],"iscrowd":0},{"id":325,"image_id":83,"category_id":2,"bbox":[266,316,16.5,18],"area":297,"segmentation":[],"iscrowd":0},{"id":326,"image_id":83,"category_id":3,"bbox":[242,317,21.5,24.5],"area":526.75,"segmentation":[],"iscrowd":0},{"id":327,"image_id":83,"category_id":1,"bbox":[294,319,13,14],"area":182,"segmentation":[],"iscrowd":0},{"id":328,"image_id":83,"category_id":3,"bbox":[311,300,35.5,55],"area":1952.5,"segmentation":[],"iscrowd":0},{"id":329,"image_id":84,"category_id":2,"bbox":[116,308,109.5,103],"area":11278.5,"segmentation":[],"iscrowd":0},{"id":330,"image_id":84,"category_id":1,"bbox":[224,326,49,45],"area":2205,"segmentation":[],"iscrowd":0},{"id":331,"image_id":84,"category_id":1,"bbox":[265,327,23.5,27.5],"area":646.25,"segmentation":[],"iscrowd":0},{"id":332,"image_id":84,"category_id":1,"bbox":[294,327,23.5,21],"area":493.5,"segmentation":[],"iscrowd":0},{"id":333,"image_id":84,"category_id":1,"bbox":[617,331,22.5,36],"area":810,"segmentation":[],"iscrowd":0},{"id":334,"image_id":84,"category_id":2,"bbox":[353,318,26,30.5],"area":793,"segmentation":[],"iscrowd":0},{"id":335,"image_id":84,"category_id":1,"bbox":[1,321,21,37],"area":777,"segmentation":[],"iscrowd":0},{"id":336,"image_id":85,"category_id":3,"bbox":[315,311,35.5,39],"area":1384.5,"segmentation":[],"iscrowd":0},{"id":337,"image_id":85,"category_id":1,"bbox":[276,314,12.5,8.5],"area":106.25,"segmentation":[],"iscrowd":0},{"id":338,"image_id":86,"category_id":1,"bbox":[302,323,40,41.5],"area":1660,"segmentation":[],"iscrowd":0},{"id":339,"image_id":86,"category_id":1,"bbox":[142,318,53,62.5],"area":3312.5,"segmentation":[],"iscrowd":0},{"id":340,"image_id":86,"category_id":1,"bbox":[235,322,43,43.5],"area":1870.5,"segmentation":[],"iscrowd":0},{"id":341,"image_id":86,"category_id":1,"bbox":[618,329,21.5,38.5],"area":827.75,"segmentation":[],"iscrowd":0},{"id":342,"image_id":86,"category_id":1,"bbox":[272,318,24,33],"area":792,"segmentation":[],"iscrowd":0},{"id":343,"image_id":87,"category_id":1,"bbox":[322,342,43.5,41.5],"area":1805.25,"segmentation":[],"iscrowd":0},{"id":344,"image_id":87,"category_id":3,"bbox":[365,309,84,99],"area":8316,"segmentation":[],"iscrowd":0},{"id":345,"image_id":87,"category_id":1,"bbox":[49,360,49,24.5],"area":1200.5,"segmentation":[],"iscrowd":0},{"id":346,"image_id":87,"category_id":1,"bbox":[276,346,27.5,17.5],"area":481.25,"segmentation":[],"iscrowd":0},{"id":347,"image_id":87,"category_id":1,"bbox":[215,354,26,13.5],"area":351,"segmentation":[],"iscrowd":0},{"id":348,"image_id":87,"category_id":1,"bbox":[249,350,28,12],"area":336,"segmentation":[],"iscrowd":0},{"id":349,"image_id":88,"category_id":1,"bbox":[215,305,26,15],"area":390,"segmentation":[],"iscrowd":0},{"id":350,"image_id":89,"category_id":3,"bbox":[316,295,62.5,70],"area":4375,"segmentation":[],"iscrowd":0},{"id":351,"image_id":90,"category_id":3,"bbox":[312,299,55,69.5],"area":3822.5,"segmentation":[],"iscrowd":0},{"id":352,"image_id":90,"category_id":1,"bbox":[40,322,48,29],"area":1392,"segmentation":[],"iscrowd":0},{"id":353,"image_id":91,"category_id":1,"bbox":[143,316,66.5,43.5],"area":2892.75,"segmentation":[],"iscrowd":0},{"id":354,"image_id":91,"category_id":2,"bbox":[523,309,52.5,32.5],"area":1706.25,"segmentation":[],"iscrowd":0},{"id":355,"image_id":91,"category_id":1,"bbox":[316,321,15,11.5],"area":172.5,"segmentation":[],"iscrowd":0},{"id":356,"image_id":91,"category_id":1,"bbox":[73,322,35.5,25.5],"area":905.25,"segmentation":[],"iscrowd":0},{"id":357,"image_id":91,"category_id":1,"bbox":[83,332,46,33],"area":1518,"segmentation":[],"iscrowd":0},{"id":358,"image_id":91,"category_id":2,"bbox":[208,319,36.5,23.5],"area":857.75,"segmentation":[],"iscrowd":0},{"id":359,"image_id":91,"category_id":2,"bbox":[240,322,20.5,16.5],"area":338.25,"segmentation":[],"iscrowd":0},{"id":360,"image_id":91,"category_id":1,"bbox":[250,328,11.5,14.5],"area":166.75,"segmentation":[],"iscrowd":0},{"id":361,"image_id":92,"category_id":1,"bbox":[104,324,19.5,14.5],"area":282.75,"segmentation":[],"iscrowd":0},{"id":362,"image_id":92,"category_id":2,"bbox":[276,323,10,11],"area":110,"segmentation":[],"iscrowd":0},{"id":363,"image_id":92,"category_id":2,"bbox":[207,323,9,10],"area":90,"segmentation":[],"iscrowd":0},{"id":364,"image_id":92,"category_id":1,"bbox":[295,323,6,7],"area":42,"segmentation":[],"iscrowd":0},{"id":365,"image_id":92,"category_id":1,"bbox":[305,323,7.5,7.5],"area":56.25,"segmentation":[],"iscrowd":0},{"id":366,"image_id":92,"category_id":1,"bbox":[237,323,7,6],"area":42,"segmentation":[],"iscrowd":0},{"id":367,"image_id":92,"category_id":1,"bbox":[254,324,6,5.5],"area":33,"segmentation":[],"iscrowd":0},{"id":368,"image_id":92,"category_id":1,"bbox":[320,323,6.5,7],"area":45.5,"segmentation":[],"iscrowd":0},{"id":369,"image_id":93,"category_id":1,"bbox":[0,295,135,227.5],"area":30712.5,"segmentation":[],"iscrowd":0},{"id":370,"image_id":93,"category_id":3,"bbox":[237,171,259.5,383],"area":99388.5,"segmentation":[],"iscrowd":0},{"id":371,"image_id":93,"category_id":1,"bbox":[79,324,37.5,36.5],"area":1368.75,"segmentation":[],"iscrowd":0},{"id":372,"image_id":93,"category_id":1,"bbox":[113,331,34.5,31.5],"area":1086.75,"segmentation":[],"iscrowd":0},{"id":373,"image_id":93,"category_id":3,"bbox":[174,324,33.5,27],"area":904.5,"segmentation":[],"iscrowd":0},{"id":374,"image_id":93,"category_id":1,"bbox":[139,329,38,29.5],"area":1121,"segmentation":[],"iscrowd":0},{"id":375,"image_id":94,"category_id":1,"bbox":[384,324,69,82.5],"area":5692.5,"segmentation":[],"iscrowd":0},{"id":376,"image_id":94,"category_id":1,"bbox":[500,326,49.5,59],"area":2920.5,"segmentation":[],"iscrowd":0},{"id":377,"image_id":94,"category_id":1,"bbox":[581,330,28.5,35.5],"area":1011.75,"segmentation":[],"iscrowd":0},{"id":378,"image_id":94,"category_id":3,"bbox":[596,331,43,54],"area":2322,"segmentation":[],"iscrowd":0},{"id":379,"image_id":94,"category_id":3,"bbox":[126,346,32,37],"area":1184,"segmentation":[],"iscrowd":0},{"id":380,"image_id":94,"category_id":1,"bbox":[331,343,33.5,29.5],"area":988.25,"segmentation":[],"iscrowd":0},{"id":381,"image_id":95,"category_id":1,"bbox":[304,300,25,22],"area":550,"segmentation":[],"iscrowd":0},{"id":382,"image_id":95,"category_id":2,"bbox":[251,297,13,13.5],"area":175.5,"segmentation":[],"iscrowd":0},{"id":383,"image_id":96,"category_id":2,"bbox":[21,316,69.5,62],"area":4309,"segmentation":[],"iscrowd":0},{"id":384,"image_id":96,"category_id":3,"bbox":[215,237,281.5,298.5],"area":84027.75,"segmentation":[],"iscrowd":0},{"id":385,"image_id":97,"category_id":3,"bbox":[95,273,111.5,115],"area":12822.5,"segmentation":[],"iscrowd":0},{"id":386,"image_id":98,"category_id":1,"bbox":[512,306,85.5,74],"area":6327,"segmentation":[],"iscrowd":0},{"id":387,"image_id":98,"category_id":1,"bbox":[496,306,43,53],"area":2279,"segmentation":[],"iscrowd":0},{"id":388,"image_id":99,"category_id":1,"bbox":[3,315,224,121.5],"area":27216,"segmentation":[],"iscrowd":0},{"id":389,"image_id":99,"category_id":1,"bbox":[302,323,39.5,41],"area":1619.5,"segmentation":[],"iscrowd":0},{"id":390,"image_id":99,"category_id":1,"bbox":[268,325,22.5,25.5],"area":573.75,"segmentation":[],"iscrowd":0},{"id":391,"image_id":99,"category_id":1,"bbox":[148,319,43.5,35],"area":1522.5,"segmentation":[],"iscrowd":0},{"id":392,"image_id":99,"category_id":1,"bbox":[617,331,22.5,35.5],"area":798.75,"segmentation":[],"iscrowd":0},{"id":393,"image_id":99,"category_id":1,"bbox":[558,323,51,37.5],"area":1912.5,"segmentation":[],"iscrowd":0},{"id":394,"image_id":99,"category_id":1,"bbox":[291,332,14,16],"area":224,"segmentation":[],"iscrowd":0},{"id":395,"image_id":100,"category_id":2,"bbox":[519,297,110.5,94.5],"area":10442.25,"segmentation":[],"iscrowd":0},{"id":396,"image_id":100,"category_id":2,"bbox":[423,302,53,52],"area":2756,"segmentation":[],"iscrowd":0},{"id":397,"image_id":100,"category_id":1,"bbox":[403,309,24.5,26.5],"area":649.25,"segmentation":[],"iscrowd":0},{"id":398,"image_id":100,"category_id":1,"bbox":[11,306,57,36],"area":2052,"segmentation":[],"iscrowd":0},{"id":399,"image_id":100,"category_id":3,"bbox":[348,290,33.5,35],"area":1172.5,"segmentation":[],"iscrowd":0},{"id":400,"image_id":100,"category_id":1,"bbox":[467,300,33.5,26],"area":871,"segmentation":[],"iscrowd":0},{"id":401,"image_id":100,"category_id":1,"bbox":[510,295,40.5,40],"area":1620,"segmentation":[],"iscrowd":0},{"id":402,"image_id":101,"category_id":1,"bbox":[199,320,57.5,59.5],"area":3421.25,"segmentation":[],"iscrowd":0},{"id":403,"image_id":101,"category_id":1,"bbox":[301,323,42.5,41.5],"area":1763.75,"segmentation":[],"iscrowd":0},{"id":404,"image_id":101,"category_id":3,"bbox":[1,320,26,41.5],"area":1079,"segmentation":[],"iscrowd":0},{"id":405,"image_id":101,"category_id":1,"bbox":[348,322,32.5,30.5],"area":991.25,"segmentation":[],"iscrowd":0},{"id":406,"image_id":101,"category_id":1,"bbox":[618,331,22,37],"area":814,"segmentation":[],"iscrowd":0},{"id":407,"image_id":101,"category_id":1,"bbox":[271,319,24.5,29],"area":710.5,"segmentation":[],"iscrowd":0},{"id":408,"image_id":101,"category_id":1,"bbox":[85,338,29.5,20.5],"area":604.75,"segmentation":[],"iscrowd":0},{"id":409,"image_id":102,"category_id":3,"bbox":[190,323,41,38.5],"area":1578.5,"segmentation":[],"iscrowd":0},{"id":410,"image_id":103,"category_id":3,"bbox":[75,275,149,139.5],"area":20785.5,"segmentation":[],"iscrowd":0},{"id":411,"image_id":103,"category_id":1,"bbox":[524,317,59,27.5],"area":1622.5,"segmentation":[],"iscrowd":0},{"id":412,"image_id":103,"category_id":1,"bbox":[0,314,60,102],"area":6120,"segmentation":[],"iscrowd":0},{"id":413,"image_id":103,"category_id":2,"bbox":[590,307,49,35],"area":1715,"segmentation":[],"iscrowd":0},{"id":414,"image_id":103,"category_id":1,"bbox":[66,303,48,74.5],"area":3576,"segmentation":[],"iscrowd":0},{"id":415,"image_id":103,"category_id":3,"bbox":[194,266,245.5,303],"area":74386.5,"segmentation":[],"iscrowd":0},{"id":416,"image_id":103,"category_id":1,"bbox":[48,319,21,22],"area":462,"segmentation":[],"iscrowd":0},{"id":417,"image_id":105,"category_id":1,"bbox":[97,325,21.5,14.5],"area":311.75,"segmentation":[],"iscrowd":0},{"id":418,"image_id":105,"category_id":1,"bbox":[192,325,8.5,7.5],"area":63.75,"segmentation":[],"iscrowd":0},{"id":419,"image_id":105,"category_id":1,"bbox":[237,323,6,6.5],"area":39,"segmentation":[],"iscrowd":0},{"id":420,"image_id":105,"category_id":1,"bbox":[253,324,6,5],"area":30,"segmentation":[],"iscrowd":0},{"id":421,"image_id":105,"category_id":1,"bbox":[305,324,8,7.5],"area":60,"segmentation":[],"iscrowd":0},{"id":422,"image_id":105,"category_id":1,"bbox":[320,323,7,6.5],"area":45.5,"segmentation":[],"iscrowd":0},{"id":423,"image_id":105,"category_id":1,"bbox":[295,323,6.5,6.5],"area":42.25,"segmentation":[],"iscrowd":0},{"id":424,"image_id":105,"category_id":2,"bbox":[206,323,10,10.5],"area":105,"segmentation":[],"iscrowd":0},{"id":425,"image_id":105,"category_id":2,"bbox":[275,322,10.5,13],"area":136.5,"segmentation":[],"iscrowd":0}]}